<productinfo xmlns:xsi="http://www.w3.org/2001/XMLSchema-instance" 
    xsi:noNamespaceSchemaLocation="optional">
    <?xml-stylesheet type="text/xsl"href="optional"?>
    
     <!-- 
     Author : Rody Oldenhuis
     e-mail : oldenhuis@gmail.com
     
     If you find this work useful, please consider a donation:
     https://www.paypal.com/cgi-bin/webscr?cmd=_s-xclick&hosted_button_id=6G3S5UYM7HJ3N
     --> 
         
    <matlabrelease>2010a</matlabrelease>
    <name>minimize</name>
    <type>other</type>
    <icon></icon>
    <help_location>html</help_location>
    <help_contents_icon>$toolbox/matlab/icons/bookicon.gif</help_contents_icon>

</productinfo>
